301	0133093	Матрыца
312	0347436	Уладар пярсцёнкаў: Дзве Вежы (субцітры)
319	0181852	Тэрмінатар 3: Паўстанне машынаў (Субцітры)
326	0111161	Выкупленне з Шаўшэнку
328	0120737	Уладар пярсцёнкаў: Звяз Пярсцёнка (субцітры)
336	0073486	Палёт над гняздом зязюлі
341	0211915	Неверагодны лёс Амэлі Пулен
342	0110912	Крымінальнае чытво
345	0102926	Маўчанне ягнят
346	0050083	12 раз’юшаных мужчын
348	0038650	Гэта цудоўнае жыццё
356	0053291	Хтосьці любіць гарачае
361	0137523	Байцоўскі клуб
367	0180093	Рэквіем па мары
370	0245429	Скрадзеныя прывідамі
389	0110413	Леон
399	0112573	Адважнае сэрца
403	0083658	Бегчы па лязе
410	0246578	Доні Дарка
414	0021749	Гарадскія агні
425	0050976	Сёмая пячатка
430	0126029	Шрэк
441	0119698	Прынцэса Мананоке
444	0103064	Тэрмінатар 2: Судны дзень
448	0109830	Форэст Гамп
456	0031381	Знесеныя ветрам
458	0198781	Карпарацыя монстраў
474	0172495	Гладыятар
476	0088763	Назад у будучыню
482	0114709	Гісторыя цацак
499	0181865	Наркагандаль
507	0088247	Тэрмінатар
519	0095953	Чалавек дажджу
522	0120735	Зёлы, грошы, два ружжы
525	0097499	Генрыx V
526	0208092	Сарваць куш
555	0118715	Вялікі Лябоўскі
570	0105151	Гулец
585	0248667	Алі
594	0212720	Штучны розум (субцітры)
607	0247199	Вернік
636	0241303	Шакалад
645	0256524	Пракляцце нефрытавага скарпіёна
660	0157583	Энігма
665	0297884	Далёка да раю
683	0280707	Госфард-Парк
689	0241527	Гары Потэр і філасофскі камень
692	0125022	Узломшчыцы сэрцаў
707	0268380	Ледніковы перыяд (субцітры)
719	0261392	Джэй и Маўклівы Боб б'юць у адказ
736	0146984	Легенда Бэгера Вэнса
768	0171580	Медсястра Бэці
784	0254686	Піяністка
797	0250687	Навыперадкі (Пацучыныя гонкі)
834	0196216	Дробныя круцялі
841	0227538	Дзеці шпіёнаў
842	0287717	Дзеці шпіёнаў 2: Востраў страчаных мар
854	0183869	Таксі 2
864	0133240	Планета скарбаў
875	0281358	Спяшайся любіць (Незабыўны шпацыр)
877	0277434	Мы былі жаўнерамі
880	0207201	Чаго хочуць жанчыны
882	0283139	Белы алеандр
883	0190138	Усе дзевяць ярдаў (субцітры)
1551	0322700	Знакамітая праца
1596	0118954	Разбіраючы Гары
1793	0354899	Навука сну
1828	0307987	Дрэнны Санта
1875	0180207	Першая сустрэчная
2037	0099348	Танцы з ваўкамі
2127	0012349	Малыш
2207	0338459	Дзеці шпіёнаў 3: Канец гульні
2238	0088944	Камандас
2260	0120855	Тарзан
2272	0112817	Мярцвяк (Субцітры)
2357	0119282	Геркулес
2428	0097814	Ведзьміна дастаўка
2514	0116130	Апусціць перыскоп
2520	0163187	Збеглая нявеста
2538	0088128	Шаснаццаць свечак
2609	0119173	Шараговец Джэйн
2610	0118158	Белы шквал
2656	0119116	Пяты элемент
2899	0261289	Развод па-амерыканску
3409	0018578	Крылы (Субцітры)
3426	0289635	Малады Адам
3469	0120794	Прынц Егіпта (субцітры)
3502	0120684	Багі і пачвары
3506	0114279	Рычард ІІІ
3563	0165832	Траса 60
3575	0242252	Гісторыя з каралямі
3608	0120663	З шырока заплюшчанымі вачыма
3707	0335345	Пакуты Хрыста (субцітры)
3793	0360486	Канстанцін
4149	0108399	Праўдзівая рамантыка
4150	0106833	Ітан Фроўм
4269	0118768	Адважны
4618	0200427	Ювеліры
4730	0243609	Каб скончыць войны
4870	0114753	25 цэнтаў
5012	0119177	Гатака (Субцітры)
5090	0356150	ЕўраТур (субцітры)
5129	0163651	Амерыканскі пірог
5167	0289879	Эфект матыля
5217	0288263	Том і Томас
5221	0122690	Ронін
5223	0118623	Анна Карэніна
5273	0298148	Шрэк 2
5277	0120762	Мулан
5327	0164912	Маленькі Сцюарт
5492	0338013	Вечнае ззянне чыстага розуму
5528	0119079	Анегін
5559	0122541	Ідэальны муж
5594	0111282	Зорная брама
5925	0120724	Кароль падробак
5928	0104431	Адзін дома 2: Згублены ў Нью Ёрку
6027	0117107	Скала Малголэнд
6144	0314331	Любоў насамрэч
6155	0104779	Горкі месяц
6303	0093773	Драпежнік (субцітры)
6367	0109890	Наўцёкі
6437	0120655	Догма
6462	0075148	Рокі
6500	0091605	Імя ружы (субцітры)
6564	0097521	Гамэр і Эдзі
6728	0100519	Розэнкранц і Гільдэнстэрн мёртвыя (субцітры)
6764	0325710	Апошні самурай
6846	0117420	У пошуках Страчанага горада (субцітры)
6887	0345074	Коні і Карла
7042	0160652	Ідэальны жыхар
7097	0112453	Балта
7104	0100998	Сны Акіры Курасавы (субцітры)
7410	0093870	Рабакоп
7472	0091530	Місія
7578	0099726	Гамлет
7663	0093389	Апошні імпэратар
7894	0314786	Сваты
7908	0266543	У пошуках Нэма
7950	0301390	У самае сэрца
8076	0335119	Дзяўчо з перлавай завушніцай
8083	0335013	Трупа
8121	0285492	Куб 2: Гіперкуб (субцітры)
8124	0099785	Адзін дома
8221	0096283	Мой сусед Тотара
8223	0076363	Прыгоды Віні Пуха
8232	0053285	Прыгажуня ў сонным лесе
8237	0156887	Ідэальны сум
8240	0087544	Наўсікая з Логу Вятроў
8362	0125659	Расплюшчы вочы
8402	0092593	Бывайце, дзеці...
8455	0058461	За жменю даляраў
8766	0065593	Кромвель
8907	0129332	Ненажэрны
9210	0169324	Цік-так
9269	0309820	Лютэр
9369	0129774	Бандыт
9433	0287986	Бог вялікі, я малая
9482	0087414	Заказное забойства
10179	0076101	Блеф
11103	0340012	Быць Джуліяй
11140	0219469	Вышэй за падазрэнні
12090	0356910	Сямейка Смітаў
12201	0286151	Зорка
12205	0088323	Бясконцая гісторыя
12273	0107927	Хвацкая
12431	0290435	Побач з раем
13469	0355295	Браты Грым
13626	0120148	Увага, дзверы зачыняюцца
13845	0133385	Астэрыкс і Абэлікс супраць Цэзара
14287	0310203	Змоўкні!
14331	0321640	Гіцлі
14336	0305568	Фанфан-цюльпан
14339	0295721	Таксі 3
14349	0152930	Таксі (субцітры)
14852	0155754	Незабыўны красавік
15641	0124901	Крывавы чацвер
15651	0128239	Шэрая сава
16443	0196596	Вадаспады Грызлі
16953	0174480	Восень у Нью-Ёрку
17818	0094336	Уітнэйл і я (субцітры)
18120	0122768	Нянькі
18271	0217086	Улюблёная студэнтка
18440	0100814	Дрыжанні
19382	0057546	Меч у камяні
20789	0119303	Адзін дома 3
20903	0085354	Татулі
20911	0080929	Інспектар-недарэка
22500	0117496	Рабінзон Круза
23065	0301563	Брат майго каханага
23712	0084503	Пінк Флойд: Сцяна (субцітры)
24204	0361411	Шлюб і перадузятасць
24705	0091431	Боскія даспехі
24968	0240913	Пад пяском
29573	0096787	Сабакі ідуць на нябёсы
31498	0347293	Месяц чэрвень
32898	0119472	Грукаючы ў нябесную браму
33444	0128378	Агнём і мячом
38903	0317705	Суперсямейка
41832	0275277	Каўбой Бібоп
46973	0286244	Трыа Бэльвіля
47122	0357037	Парнаграфія
47814	0374546	Вясна, лета, восень, зіма... і зноў вясна
48246	0363163	Падзенне
48250	0366450	Пяцёра дзетак і Пескавік
48609	0366777	Мільёны
49331	0379063	Заплюшчы вочы
49644	0170351	Пан Тадэвуш
49684	0347149	Вандроўны замак Хаўла
50349	0289786	Дарога
50509	0163494	Касмічныя прыгоды Кобры (субцітры)
50678	0380201	Кроўны брат
51587	0376543	Пад Кубрыка
51826	0225535	Доўг
52135	0281019	Апошняе заданне
54550	0382357	Зямля багацця
61135	0079368	Ісус
61207	0379217	Кава і цыгарэты
61272	0369672	Песня-прызнанне Бобі Лонгу
61313	0363532	Блізкія незнаёмцы
61420	0354356	5x2
61496	0378284	Мачука
61593	0344604	Пасля вас
61622	0377834	Дні футболу
61627	0377752	Дарагі Фрэнкі
61652	0371307	Непахаваны
63767	0388473	Аднойчы ў Токіа
63912	0080439	Утаймаванне свавольнага
64012	0387877	Чорная Вяргіня
64050	0210056	Зух
64403	0111221	Смерць як луста хлеба
64410	0330243	Дзень вар'ята
64415	0120261	З новым Ёркам, з новым шчасцем
64422	0106783	Два месяцы
64559	0266441	Далёка ад вакна
66063	0114204	Палкоўнік Квяткоўскі
66066	0116156	Дзень вялікай рыбы
66086	0117286	Панна Ніхто
66162	0082755	Мішка
66171	0088083	Сэксмісія (Новыя амазонкі)
66200	0115996	Наўскач
66207	0066289	Рэйс
66237	0091352	Каханкі маёй мамы
66250	0180275	Чужое шчасце
66300	0284406	Шапэн. Прага кахання
66313	0191666	Золата дэзерціраў
66331	0209445	Тыдзень з жыцця мужчыны
66338	0116154	Дзеці і рыбы
66339	0117009	Маці сваёй маці
66340	0114626	Тата
67210	0089064	Дзяўчаты з Наваліпак, Райская яблыня
68296	0113172	Гёрл-гайд
76707	0209463	Панясе нас вецер
77046	0106179	Сакрэтныя матэрыялы
77132	397535	Мемуары гейши
77177	0383028	Пастаноўка Нью-Ёрк
77340	0234516	Чалавек прэзідэнта
77439	0399295	Пан вайны
77574	0402158	Імперыя ваўкоў
78170	0385004	Клан лятучых кінжалаў
78240	0381849	Цягнік у Юму
78378	0396171	Парфумер: Гісторыя аднаго забойцы
78834	0395173	Несвядомыя
79439	0178145	Жана д’Арк
79546	0274321	Раз'юшаныя нябёсы
79667	0143808	Пакахонтас 2: Падарожжа ў Новы свет
79768	372334	Няволя ўласнага ценю
79841	0065021	Карабель-прывід
79920	0149460	Футурама
80227	0380636	Надвор’е на заўтра
80630	0246593	Вялікі звер
81297	0405159	Малая за мільён долараў
81421	0058625	Жанчына ў выдмах (субцітры)
81584	0405743	Басанож па брукаванцы
81725	0410639	Незадаволеныя сёстры
84020	0413267	Шрэк Трэці
84027	0411118	Энтані Цымер
85208	0094525	Пуаро
85387	0267675	Прыгоды Санта-Клауса
86311	0423866	Пустыя хаты
86326	0425210	Удалая лічба Слевіна
86352	0432034	Жаночы раман
86621	0432283	Неверагодны містэр Фокс
87935	0382765	Джындабайн
88190	0424880	Кэндзі
88737	0443536	Чырвоны каптурок
89514	0382932	Рататуй
93547	0420223	Перапісанае жыццё
93551	0251434	Гэта я, злодзей
94660	0092337	Дэкалог 89+
100526	0426270	Трэці
101095	0072448	Зора
101711	0450232	16 кварталаў
102127	0443680	Забойства Джэсі Джэймса баязліўцам Робертам Фордам
102133	0445935	Жанчыны на мяжы
102148	0450345	Плецены чалавек
102152	0416508	Джэйн Осцін
102201	0446755	Размаляваны вэлюм
102268	0434292	Прынцэсы
102286	0206013	Мае суседзі Ямада
102311	0450615	Праект «Экстэрмінатар»
102681	0106258	Амерыканскі самурай
102696	0452971	Цёмна-сіні амаль чорны
103205	0387892	Вышыванніцы
103306	0421974	Рыцары неба
103486	0441297	Блюз па-гаванску
103734	0441773	Кунг-фу панда (субцітры)
104184	0448245	Абое рабое
104905	0457513	Эксклюзіў
105478	0420289	Варажба жарлянкі
138990	0441025	Скрадзеныя вочы
144243	0117810	Познань’56
144273	0454931	Рэквіем
150089	0445691	Сальвадор Пуч Анцік (субцітры)
160904	0437503	Тарзан 2
160932	0438488	Выратаванне Тэрмінатара (субцітры)
160977	0472043	Апакаліпсіс
161263	0062598	Піпі Доўгаяпанчоха
161917	0436697	Каралева
165940	0105087	Лэдзі ўдачы
172512	0259072	Час п’яных коней
172649	0109527	Дама з камеліямі
178475	0425278	Мой Нікіфар
180107	0479257	Цябе зваць Жастын
180153	0431213	Лэсі
180473	0188387	Дочкі шчасця
180577	0472033	9
182329	0287465	Вулічныя гульні
193733	0479261	Кафэ "Раздарожжа"
194033	0485601	Таямніца Келза
194201	0464913	Агент 117: Місія ў Каіры
195290	0484111	Дабранач
195305	0469754	Найгалоўнейшы бос
195319	0463872	Астэрыкс на алімпіядзе
195332	0462538	Сімпсаны ў кіно
195344	0454776	Цудоўна ласка
195620	0479519	Запавет
197258	0457297	Эфект матыля 2
198452	0486219	Дзеці славы
208749	0480163	Судовы выканаўца
212943	0178031	У Бога за пазухай
214781	0476872	Наканаванне блюзам
214966	0466406	Закаханы анёл
217785	0420318	Вяселле
219760	0426291	Уніз каляровым узгоркам
220217	0456340	Хаатычная Ана
222229	0458515	Я, Дон Джаванні
223293	0114118	Костка
223295	0107272	Лепей быць прыгожай і багатай
227077	0480128	Цудоўны дзень
232785	0485947	Містар Ніхто
237774	0477916	Жыве Куба!
251733	0499549	Аватар
252082	0267127	Прысуд Францішку Клосу
252330	0085218	Басаногі Ген (субцітры)
252502	0780516	Без заганы
252542	0435100	Караль: чалавек, які стаў Папам
252717	0778749	Ясмін
255291	0780180	Хто рана памірае, той болей спачывае
256408	0478304	Дрэва жыцця
257384	0470674	Анастасія Слуцкая
258478	0804540	Таксі 4
258687	0816692	Інтэрстэлар
258689	0792965	Папросту разам
258885	0825232	Пакуль ногі носяць
259185	0795488	Удзельнікі турпаездкі
259606	0488027	Плошча Збаўцы
260162	0790636	Даласкі клуб пакупнікоў
261073	0841044	Два дні ў Парыжы
261127	0876563	Рыбка Поньё (Понья на схіле)
261911	0825244	Размовы з маім садоўнікам
264279	0846040	Мой брат – адзіны сын
267164	0847750	Надзея
267378	0835834	Час паміраць
268413	0117229	Завітай да мяне ў сне
270249	0879843	Катынь
272584	0896977	Статысты
275505	0489370	Сонечны конь
275639	0809407	Была ці не была?
276295	0780536	У Бруге
276628	0926285	Што бачыла сонейка
276646	0929412	Ціхі хаос
277533	0209013	Вайна ў акрузе Гарлан
278171	0497465	Вікі Крысціна Барселона
278522	0903624	Хобіт: Нечаканая вандроўка
279031	0304755	Скрадзены цуд
279204	0254890	Бландзінка (Бландынка)
279553	0163887	Одры Гэпбэрн
281779	0907657	Аднойчы
282491	0986272	Пацверджанне
283290	0409591	Нарута
295083	0875034	Дзевяць
295238	0977666	Таемнасці
295655	0113554	Кісінджар і Ніксан
297671	0291118	Куб
298644	0337991	Два каханні
299074	0451265	Уоліс і Эдвард
307421	0926329	Прыехалі ўланы
308906	308906	Джордж Карлін - Гэта блага для цябе!
309097	0986233	Галаданне (субцітры)
309423	0887883	Прачытаўшы, спаліць
310832	1029161	Павук
313472	0948544	Мутная вада
315168	1034331	Памыснае забойства
315907	0964586	Колер скуры
317463	0772176	Калядная гісторыя
318555	0111821	Павернуты
325381	1049413	Уверх
327068	0116517	Кошт ейнага раману
333266	0339404	Мой горад
334410	0339925	Усе святыя
337988	0373721	Белая сукенка
337989	0287597	Ноч святога Мікалая
338012	0287815	Жоўты шалік
338024	0370966	Міс мокрая майка
338034	0370434	Цуд на Пурым
338041	0345668	Мае печаныя куры
351475	0419894	Каралева аблокаў
366230	0414947	Доўгі ўік-энд
366311	0413931	Цудам ацалёны
366312	0332576	Белісіма
366346	0480708	Пекла. Неба
367310	0480629	Барбурка
370787	0311988	У каго я ўрадзіўся
380240	0479258	Пара асоб, малы час
387556	1028532	Хачыка: гісторыя сяброўства
390597	1043433	Братка
390874	1078600	Сёстры па крыві
391762	1069238	Провады
391819	1054631	Тыкнутыя носам
391889	0804503	Утрапёныя
391988	0906014	Гуча!
392692	0282796	Невядомая гісторыя на Каляды
393922	1093352	Як усе
394714	1097242	Заўтра пойдзем у кіно
395678	1107860	Амаль што ўдалы план
397666	1138489	Рука ў руцэ
397667	1130884	Востраў праклятых
398811	1105753	Бубачкі
398812	1094278	Хітрыкі
402570	1151915	Каляды як мае быць
402662	1166810	Таўстуны
403523	1175505	Лэйдзіс
404244	1020773	Завераная копія
404459	1120985	Сумная валянцінка
404900	0903747	На ўсе застаўкі (субцітры)
405609	1014759	Аліса ў Цудазем'і
408876	1170358	Хобіт: Пустка Смаўга
409160	1095217	Дрэнны лейтэнант
409372	1022603	(500) дзён лета
409507	1220719	Іп Ман
410477	1210349	Яшчэ не вечар
412473	1186369	Маўчанне Лорны
413362	1010048	Мільянер з трушчобаў
416275	1019452	Паважны чалавек
418790	1139328	Прывід пяра
418847	1244754	Пэўнасць
419053	1258141	У мяне было каханне
419533	0494860	Чарцюк з сёмага класу
420856	1260596	Клубнічнае віно
422063	1274296	Слухай сваё сэрца
423040	1283473	Стадыён бяздомных
423539	1234918	Амалья
424063	1287845	Кунг-фу Панда: Сакрэты Апантанай пяцёркі
424162	1275590	На тым баку ложка
424266	1037705	Кніга Ілая
424372	1280548	Краіна цацак
424616	1274738	Рыса
427255	1303230	Апантаны
427293	0968311	Сярод белага дня
427550	1288376	Чужая
427878	1302011	Кунг-фу панда 2
429016	1291634	Стрэмкі
432719	1324055	Млын і крыж
436225	1340138	Генэзіс Тэрмінатара (субцітры)
437338	0847147	Палітыканы
441808	1361835	Апошняе маўчанне
445158	1360887	Аер
447116	1368448	У Бога за мяжою
450213	0878804	Нябачны бок
450237	1245526	РЭД
450753	1386932	Іп Ман 2
450760	1377575	Знакі
453406	1392190	Шалёны Макс: Дарога лютасці
455627	1399683	Зімовая костка
456927	1405810	Вандроўныя міны
457298	1417067	Цырк Каламбія
460137	0791274	Эверэст
461939	1189340	Адвакат на Лінкальне
462273	1322269	Жнівень у акрузе Оўсэйдж
462482	1124035	Сцеражыся, Цэзар
462606	1219289	Бяз межаў
462654	1226837	Харашун
463647	1007029	Жалезная дама
463897	1109624	Падынгтан
463932	1340107	Помста
464446	1327773	Прыслужнік
464484	1371111	Атлас аблокаў
466581	1446192	Вартавыя легендаў
468466	1454468	Гравітацыя
468581	1392170	Галодныя гульні
468994	1457767	Заклён
469231	1646114	Шчасце маё
469740	0484855	Джордж Карлін - Жыццё вартае страты
473534	1507355	Цырк матылькоў
478045	1511447	Апошняя акцыя
484474	1540133	Сяржант
484633	1533795	Магічнае дрэва
484880	1538221	Анжэль і Тані
485261	1465522	Такер і Дэйл супраць зла
490215	1563665	Шчыгрынавая скура
490326	1467273	Найлепшае ў жыцці
491547	1486217	Арчар (субцітры)
492366	1568921	Пазычайка Арыеці
492503	1550312	Кавярня Любові
493830	1442584	Усё, што люблю
493979	1585255	Цырульніца
496849	1587310	Малефісента
496943	1596343	Фарсаж 5
497043	1570583	Дзеля Элен
498709	1592521	Кузэны
504267	1612537	Бубачкі 2
504465	1605783	Поўнач у Парыжы
504737	1606180	Вось я хто
507537	1617123	Я з табою
508697	1639093	Расейская дыскатэка
510390	1090607	Таямніца крэпасці шыфраў
517988	1637688	Час
518188	1648112	Новыя хлопцы турба
521992	1493127	Сыгнёт падману
523002	1655420	Тыдзень з Мэрылін
523069	1663321	Кураня са слівамі
523134	1655628	Другое дзяцінства
523315	1491043	Другі шанец
523362	1648216	Тры метры над небам
523402	1654523	Начны цягнік да Лісабона
533954	1661199	Папялушка
535341	1675434	1+1 (Недатыкальныя)
535406	1675192	Схоў
536419	1684935	Венецыя
542177	1687861	Да смерці трэба паспець
542508	1440180	Гётэ!
546311	1664892	Шалёнае шчасце
557690	1674773	Ганна Арэнт
558495	1705786	Кітайская гісторыя
566018	1722484	Том Соер
566138	1718835	Як у страшным сне
568413	1726889	Сям’і не выбіраюць
569071	1730768	Жонка наглядчыка заапарка
570092	1754455	Вучань Святога Мікалая
571896	1753383	Сэнс сабачага жыцця (субцітры)
571912	1757927	Блуклівае вока
572032	1745960	Топ Ган: Мэверык (субцітры)
572462	1764275	Бяздонне
572553	1754656	Маленькі прынц
574591	0251510	Таямніца Сагалі
575670	1783422	Два жыцці
575974	1787127	Дараванне крыві
580181	1839654	Дзівосы Бэл Айл
582122	1839642	Абліччы кахання
582218	1815943	Выкрадаючы рай
582291	1826780	Не здавайся
584008	1764616	Цукар
584809	1881024	Апошняя куля
585641	1872880	От шчасце!
586260	1772341	Ральф-руйнач
589028	1878932	Напаказ
591929	1865718	Гравіці Фолз
595782	1964795	Чырвонае і сіняе
596208	1980929	Пачні зноў
597133	1972761	Іспанія
598268	1914302	Дэтэктар хлусні
601012	1980935	Цыган
602373	1951264	Галодныя гульні: Узгаранне
609808	1907704	Наладчык
622787	1946298	Дазіральнік
630420	2076176	Клёклё
631966	2070701	Імем Шэрлака Голмза
645118	2096673	Галаваломка
661577	2187115	Поза дзіцяці
661938	2193021	Страла
662596	2194499	Нарэшце
663701	2180587	Усё, што застанецца
663964	2197849	Бровар "Рамантык"
666951	2234003	Галгофа
667025	2215395	Палет
667651	2217859	Гучней за бомбы
668654	1934234	Дыяс. Не змывайце гэтай крыві
669032	0409379	У сакрэце
677426	2354181	Свавольнікі
683999	2278388	Гатэль «Гранд Будапешт»
685246	2861424	Рык і Морці
688350	2218044	Ежа
688808	2172554	Жыццё ў акварыуме
689306	2199448	Гульня паводле правіл
693126	2245084	Геройская шасцёрка
694014	2293138	Жыве Францыя!
694249	2258858	Ўаджда
694633	2310332	Хобіт: Бітва пяці войскаў
696154	2319580	Лоўля на вялікага жыўца
697977	2343536	Мёртвыя і жывыя
702714	2350496	Ланч-бокс
708110	2275990	Следапыткі з Блэтчлі (1-2 сезоны)
709862	2022713	Брыклбэры
719817	2534634	Фехтавальнік
721593	2476552	Захад
725190	2582802	Ўіплэш
726340	2560988	Каханне ды іншыя напасці
730665	2591814	Сад слоў
730715	2611652	Фусі
731214	2624672	Ра
731274	2593084	Дванаццаць месяцаў
733151	2400631	Чэрап і косці
735217	1599164	Прыстань
739027	2719094	Папуша
739655	2873250	Аднойчы ў лесе
744766	2764784	Фенікс
745082	2756602	Прыгоды Несцеркі
748663	2800240	Чым мы прагнявілі Бога?
749559	2790236	Каханыя сёстры
762738	2911666	Джон Уік (субцітры)
764741	3037582	Павадыр
766592	2987342	Чалавек-усмешка
769333	2619250	Малярыя
770739	2976920	Віёлет
770997	2949338	Пакой 8
771092	2944454	Райлі-перамотка
772017	2991224	Мандарыны
775273	02948372	Душа
775727	3011894	Дзікія гісторыі
780188	2763296	Вялікі рабунак на чыгунцы
781115	3062880	Вівіен Амсалем хоча развесцiся
784501	3092590	Квіток на месяц
784546	3092552	Хочацца жыць
797840	3183660	Фантастычныя істоты і дзе іх адшукаць
798120	3300814	Нечы позірк
802757	3216380	Залатыя верацёны
805111	3230162	Ціхая вада
807474	2548418	Джанатан Стрэндж і містэр Норэл
807917	3327994	Чалавек
808377	3346824	1001 грам
809823	3340446	Мой сябар містар Персіваль
810932	3365778	Дыхай
811958	3375370	Герой з рэвальверам
817739	2768802	Мікі Маўс
818981	3416742	Што мы робім у цемры
819846	3464902	Лобстар
820651	3469960	Маконда
821008	3470600	Спявай (субцітры)
824954	3472226	Кунг Ф'юры
827868	3268458	Кроў ад крыві інтэрнэту
829561	3480158	Вяртанне на Ітаку
829648	3521306	Добрая жонка
837530	3521164	Маана (субцітры)
839024	2121382	Форс-мажор
839355	3759416	Астэрыкс. Зямля багоў
839417	2044128	Карацей
839458	3581920	Апошнія з нас
839650	3606756	Суперсямейка 2
840320	3665930	Гармонія
841147	3553976	Капітан Фантастык
841348	3765326	Горад 44
841925	3983692	Дагістарычныя монстры Гітлера
843614	3958072	Урок
843854	0478959	Кароль-вінароб
845851	3582040	Бумеранг
848220	4042814	Надзея на брамніка
848894	4080728	Чалавек званы Увэ
850057	3559202	Час без паветра
855905	3544082	45 гадоў
864138	3741834	Леў
864243	3620860	Аднахвілінная машына часу
872898	4082068	Дыпан
880649	4113712	Найтвінг
882273	4489416	Сэрцу хочацца крычаць
882569	4326444	Хульета
882927	4298958	Ан: салодкі боб
883327	4114654	Божая цярніна
884384	3830162	Вайна
885045	4375438	Клуб
894393	4216908	Гарнастай
894453	4483460	Сонда: аргентынскі фальклор
902009	4466946	Пыха
902577	4560008	Дзівосна гожая гісторыя
906042	4468740	Падынгтан 2
906595	4466648	Смерць у Сараеве
910832	4622202	І зноў каханне
920265	4633694	Чалавек-павук: Скрозь сусветы
925669	4901306	Блізкія незнаёмыя
929540	3568804	Шторм: палаючы ліст
929885	4682788	Кахаючы Паблё, ненавідзячы Эскабара
930534	4972582	Расшчэплены
934350	5029608	Франц
934867	5049636	Карбаля
934956	4244998	Альфа
936387	5062652	Каронны прынц
936570	4630550	Справа сумлення
936858	4730838	Чароўны лес Гакебаке
938727	5061360	Абяцанне на досвітку
939915	5096536	Напраўляць, пакуль жывыя
942666	4354276	Новый cвет
944944	5194504	Ты знікаеш
947178	5221584	Дом Вадаліва
952593	5247704	Тое, што нас лучыць
959365	4857264	Нябачны госць
959589	5258850	Сустрэнемся там, угары
961957	5348236	Акушэрка
965581	5280626	Златан. Узыходжанне
968492	5531536	Цесля і Калядны Зюзя
970703	5574166	Код 8
975701	5690810	Афэлія
976636	4209788	Моліна гульня
977493	4955642	Добрае месца
977743	5580390	Форма вады (субцітры)
978613	5727282	Борг супраць Макінраў
982015	4702752	Назіраючы за Джульетай
986759	5814592	Вечарынка
992500	5886440	Мэраўбоўн
996303	5996202	У сетцы
1000038	5992202	Мой сябар жырафа
1000067	5818818	Боскі парадак
1005852	5929754	Дзікае жыццё
1008385	5580036	Я, Тоня
1008972	5389750	Пракурор
1009142	6313379	Спявай 2
1009433	5541852	Медаловы
1009513	5113044	Міньёны: Паўстанне Гру (субцітры)
1017989	6263618	У праходах
1029333	6238896	Зямля. Адзін дзівосны дзень
1035615	6313378	Боль
1036188	6433456	Стаючыся Астрыд
1038519	6187794	У пошуках Джона Ленана
1038780	6576556	Маўклівая рэвалюцыя
1044004	5180504	Вядзьмар
1045792	6990734	Ракка
1046146	1973421	Інстынкт
1046599	7078780	Зігота
1047309	6896536	Факстрот
1048532	7298400	Бела-бялюткі попел
1048908	7236034	Я хачу з'есці тваю падстраўнікавую
1054990	6938828	Ля брамы вечнасці
1059224	7063210	Кавярня
1061664	7253316	Лялячнік
1080513	7146812	Наперад
1081020	6772524	Клопат
1083309	6386748	Пералётныя птушкі
1092238	7477068	Тытуннік
1092680	6961808	Апошняе дзівацтва Клер Дарлінг
1108390	5997848	Калядны дамок
1108577	6966692	Зялёная кніга
1108775	7666250	Юлі
1111005	6718170	Супэрбраты Марыё
1112205	7476236	Заўтра ці пазаўтра
1118138	8111088	Зорныя войны: Мандалорац
1126841	7978912	Следапыткі з Блэтчлі: Сан-Францыска
1127073	7665014	Нібыта Чалавек
1129833	8001346	Астэрыкс: таемнае зелле
1136707	6253688	Чужынец у раі
1137091	8263936	Таямніца на імя Анры
1157488	8095860	Дзякуй Богу
1160046	8466564	Обі-Ван Кенобі
1162387	5321814	Мадонна і the Breakfast Club
1171976	8579674	1917
1172074	8398600	Пасля жыцця
1178535	8773020	Рока змяняе свет
1179577	8753438	Аскеляд і замак Сур’я-Мур’я
1179876	8747598	Рэдл
1190322	8951692	Жонкі вайскоўцаў
1198481	9074232	Дарогі свабоды
1203040	9140560	ВандаВіжн (1 сезон)
1209003	6272384	Адзіны позірк
1219417	9426210	Дзіця надвор'я
1219909	9419884	Доктар Стрэндж у мультысусвеце вар'яцтва (субцітры)
1224733	8214666	Амстэрдамскі кот
1227803	7366338	Чарнобыль
1228254	9561862	Каханне, смерць і робаты
1229743	9618254	Што за халера 101
1235101	8991268	Мядовая зямля
1235277	9684264	Возера радасці
1252445	13499372	Купала
1253633	10048342	Гамбіт каралевы
1282688	10648342	Тор: Каханне і Гром (субцітры)
1289472	10713106	Прынцэса і паўкаралеўства
1303875	10801368	Пад шчаслівай зоркай (субцітры)
1304786	5645432	Стары (субцітры)
1316601	11198330	Дом цмока (субцітры)
1322324	6710474	Усё. паўсюль, адразу (субцітры)
1323137	9348578	Бягуха (субцітры)
1337642	9174578	Вакол свету за 80 дзен
1355036	11657662	Вядзьмар: Кашмар воўка
1374709	12210708	Прыгоды Бэйліна
1379277	462654	Дзённік Берта
1382105	12245660	Скажы мне (субцітры)
1388684	10483152	Войны аднарогаў
1396219	12803902	Пра калядную зорку
1396300	12758060	Тэтрыс (субцітры)
4290977	13668894	Кніга Бобы Фета
4294189	13648222	Прэзідэнт (субцітры)
4321512	13833688	Кіт (субцітры)
4323378	11907902	Дантыст
4397580	4301160	Чорная птушка (субцітры)
4439362	13821562	Дзіцёнак-ніндзя (субцітры)
4439600	11777738	Герой
4475473	10541088	Ферма Кларксана (субцітры)
4477286	11181824	Дзесяць адсоткаў (субцітры)
4481731	14452776	Мядзведзь (субцітры)
4546051	14915608	Нова нанова
4551116	13328824	Сляпы, які не хацеў глядзець «Тытанік» (субцітры)
4553460		Лагодны воўк
4559925	15005868	Паўднёвы парк
4655684	14369780	Палюбоўнік лэдзі Чатэрлі (субцітры)
4673419	14413652	Уздымі планку (субцітры)
4675075	15574312	Пацыент (субцітры)
4703238	11358390	Рэнфілд
4716245	15777864	Хільда і Горны Кароль (субцітры)
4775434	13328800	Дзяўчаты, дзяўчаты (субцітры)
4781118	16152716	Кансультант (субцітры)
4831920	4971366	Горны Кароль
4851056	17526648	Схаваная 
4861733	13683866	Бальшуны (субцітры)
4891365	12879632	Дзіцё (субцітры)
4917950	10324164	Дагістарычная планета (субцітры)
5024098	21106500	Біл Бёр: Канцэрт у Рэд Рокс
5026746	17338938	Шукальнікі каляднай зорачкі
5094807	19801336	Дзесяць (субцітры)
5097872	9805678	Замёрзлая планета II (субцітры)
5257392	21364054	Падрыў
5273592		Марыля. У пошуках дзіўнікаў
300214250	26493973	Кухня Джыні (субцітры)
